vigencia,casa,valor,ato
1995-02-01,ambas,8000.00,Decreto Legislativo 7/1995
2002-01-01,ambas,8280.00,"Ato da Mesa 105/2002 (revisão geral de 3,5%)"
2003-02-01,camara,12847.20,Decreto Legislativo 444/2002 + Ato da Mesa 29/2003 (+1%)
2003-02-01,senado,12720.00,Decreto Legislativo 444/2002
2007-04-01,ambas,16512.09,Decreto Legislativo 112/2007
2011-02-01,ambas,26723.13,Decreto Legislativo 805/2010
2015-02-01,ambas,33763.00,Decreto Legislativo 276/2014
2023-01-01,ambas,39293.32,Decreto Legislativo 172/2022
2023-04-01,ambas,41650.92,Decreto Legislativo 172/2022
2024-02-01,ambas,44008.52,Decreto Legislativo 172/2022
2025-02-01,ambas,46366.19,Decreto Legislativo 172/2022
